no,question,answer_choices,answer,response
問26,水俣病に関する記述として誤っているのはどれか。,"１．原因物質はメチル水銀である。
２．腎臓の尿細管における再吸収機能が障害される。
３．原因物質は胎盤を通過して先天性疾患を引き起こす。
４．阿賀野川流域において同様の公害問題が発生した。
５．原因物質が蓄積した魚介類を摂取することにより発生した。",2,"水俣病に関する記述を検討しましょう。

１．原因物質はメチル水銀である。→これは正しい。水俣病の原因物質はメチル水銀です。

２．腎臓の尿細管における再吸収機能が障害される。→これは誤りです。水俣病は主に中枢神経系に影響を及ぼし、腎臓の尿細管の再吸収機能障害は主な症状ではありません。

３．原因物質は胎盤を通過して先天性疾患を引き起こす。→これは正しい。メチル水銀は胎盤を通過し、胎児に影響を与えることが知られています。

４．阿賀野川流域において同様の公害問題が発生した。→これは誤りです。水俣病は熊本県の水俣湾で発生しましたが、阿賀野川流域では新潟水俣病が発生しました。これは水俣病と似た症状を示すが、発生場所が異なるため、記述としては誤りです。

５．原因物質が蓄積した魚介類を摂取することにより発生した。→これは正しい。水俣病はメチル水銀が蓄積した魚介類の摂取によって引き起こされました。

したがって、誤っている記述は２と４です。しかし、質問では一つの選択肢を選ぶように求められています。２番目の選択肢は水俣病の症状に関する誤りであり、４番目の選択肢は発生場所に関する誤りです。水俣病の本質的な特徴と直接関係するのは症状に関する記述です。したがって、最も誤っている記述としては２番目の「腎臓の尿細管における再吸収機能が障害される。」が挙げられます。

答えは２です。"
問73,牛の産褥性子宮炎に関する記述として適切なのはどれか。,"１．分娩時および産褥期の子宮へのウイルス感染が直接的な原因である。
２．無色透明な粘液の排出がみられる。
３．食欲停止、体温上昇、頻脈などが認められる。
４．確定診断には超音波診断装置が必要である。
５．プロジェステロン製剤で治療する。",3,"牛の産褥性子宮炎は、分娩後の子宮に感染が起こる病態を指します。以下の選択肢を検討しましょう。

1. 分娩時および産褥期の子宮へのウイルス感染が直接的な原因である。
産褥性子宮炎は、通常、細菌による感染が原因であり、ウイルス感染が直接的な原因とは限りません。

2. 無色透明な粘液の排出がみられる。
産褥性子宮炎では、通常、異常な膿や臭いのある分泌物が排出されることが多いです。無色透明な粘液の排出は、産褥性子宮炎の特徴的な症状ではありません。

3. 食欲停止、体温上昇、頻脈などが認められる。
これは産褥性子宮炎の一般的な全身症状であり、感染による炎症反応が原因でこれらの症状が現れることがあります。

4. 確定診断には超音波診断装置が必要である。
超音波診断は子宮の状態を視覚化するのに役立つツールですが、産褥性子宮炎の確定診断には必ずしも必要ではありません。診断は臨床症状や子宮の触診、分泌物の検査などに基づいて行われることが多いです。

5. プロジェステロン製剤で治療する。
産褥性子宮炎の治療には、抗生物質が一般的に使用されます。プロジェステロン製剤は、この状態の治療には通常用いられません。

したがって、適切な記述は「3．食欲停止、体温上昇、頻脈などが認められる。」です。

答えは3です。"
問9,アフリカ豚熱（アフリカ豚コレラ）あるいはその病原体に関する記述として誤っているのはどれか。,"１．野生のイノシシがレゼルボアとなる。
２．ダニが媒介する。
３．臨床症状は豚熱（豚コレラ）と類似している。
４．ゲノムは直鎖状の 2 本鎖 DNA である。
５．ワクチンによる予防が有効である。
3",5,"アフリカ豚熱（African Swine Fever, ASF）は、アフリカ豚熱ウイルス（ASFV）によって引き起こされる感染症であり、豚やイノシシに影響を与えます。以下は各選択肢に関する正確な情報です：

１．野生のイノシシがレゼルボアとなる。→ 正しい。アフリカ豚熱ウイルスは、野生のイノシシの間で持続的に存在し、彼らは病原体のレゼルボア（宿主）となり得ます。

２．ダニが媒介する。→ 正しい。特にアフリカ大陸では、ソフトダニがアフリカ豚熱ウイルスの媒介者として知られています。

３．臨床症状は豚熱（豚コレラ）と類似している。→ 正しい。アフリカ豚熱と豚熱（別名クラシックスワインフィーバー）は、臨床症状が似ているためしばしば混同されますが、異なる病原体によって引き起こされます。

４．ゲノムは直鎖状の 2 本鎖 DNA である。→ 正しい。アフリカ豚熱ウイルスのゲノムは直鎖状の二本鎖DNAです。

５．ワクチンによる予防が有効である。→ 誤り。2023年時点で、アフリカ豚熱に対する商業的に利用可能なワクチンは存在しません。研究は進行中ですが、まだ広く使用されるワクチンは開発されていません。

したがって、誤っている記述は５．ワクチンによる予防が有効であるです。"
問5,ノミやダニの駆除に使用される昆虫幼若ホルモン類似薬はどれか。,"１．メトプレン
２．フィプロニル
３．ルフェヌロン
４．アレスリン
５．カルバリル",1,"昆虫幼若ホルモン類似薬は、昆虫の成長を阻害するために使用される化学物質で、昆虫の幼虫が正常に成熟するのを妨げます。これらの薬剤は、特にノミやダニの駆除に効果的です。

選択肢を見てみましょう：

１．メトプレン - これは昆虫幼若ホルモン類似薬の一つで、ノミの成長を阻害するために使用されます。

２．フィプロニル - これは広範囲の昆虫に対して効果的な殺虫剤ですが、昆虫幼若ホルモン類似薬ではありません。

３．ルフェヌロン - これも昆虫幼若ホルモン類似薬の一つで、ノミの成長を阻害するために使用されます。

４．アレスリン - これは合成ピレスロイド系の殺虫剤で、昆虫幼若ホルモン類似薬ではありません。

５．カルバリル - これは広範囲の昆虫に対して効果的な殺虫剤ですが、昆虫幼若ホルモン類似薬ではありません。

したがって、昆虫幼若ホルモン類似薬はメトプレン（１）とルフェヌロン（３）です。

答えは１と３です。"
問24,食品や水の衛生管理状態を評価するために行われる微生物学的検査と、検査に用いられる培地の組合せとして正しいのはどれか。,"検査項目　　　　　　　　　　　　　 培地
１．一般生菌数　　 ――――――― 普通寒天培地
２．大腸菌群　　　 ――――――― AC 培地
３．糞便系大腸菌群 ――――――― EC 培地
４．従属栄養細菌　 ――――――― BGLB 培地
５．腸内細菌科菌群 ――――――― デソキシコレート寒天培地
8",3,"微生物学的検査において、特定の微生物群を検出・定量するためには、その微生物が成長するのに適した特定の培地を使用します。以下に各検査項目とそれに対応する培地を示します。

1. 一般生菌数 - 普通寒天培地（Plate Count Agar, PCA）: 一般生菌数を測定するために使用される基本的な培地です。
2. 大腸菌群 - EC培地（Escherichia coli medium）またはEndo培地など: 大腸菌群を検出するために特化した培地ですが、AC培地（Acetate Criterion agar）は一般的ではありません。
3. 糞便系大腸菌群 - EC培地: 糞便由来の大腸菌群を検出するために使用されます。
4. 従属栄養細菌 - R2A培地など: 従属栄養細菌は栄養要求が厳しいため、特に低栄養環境を模倣した培地が使用されます。BGLB培地（Brilliant Green Lactose Bile Broth）は大腸菌群の確認に使われることがありますが、従属栄養細菌の検査には一般的ではありません。
5. 腸内細菌科菌群 - デソキシコレート寒天培地: 腸内細菌科の菌群を選択的に検出するために使用される培地です。

したがって、正しい組み合わせは以下の通りです。

1. 一般生菌数 ― 普通寒天培地
3. 糞便系大腸菌群 ― EC培地
5. 腸内細菌科菌群 ― デソキシコレート寒天培地

よって、正しい組み合わせは1、3、5です。"
問79,粘液胞子虫による疾患はどれか。,"１．ヘテロボツリウム症
２．ベネデニア症
３．カリグス症
４．アミルージニウム症
５．筋肉クドア症",5,"粘液胞子虫による疾患を考えるとき、それぞれの選択肢が指す病気が粘液胞子虫に関連しているかどうかを検討する必要があります。粘液胞子虫は、水生環境に生息する微小な寄生生物であり、魚類を含む多くの水生動物に感染して病気を引き起こすことが知られています。

1. ヘテロボツリウム症 - これは粘液胞子虫による疾患ではありません。
2. ベネデニア症 - これも粘液胞子虫による疾患ではありません。
3. カリグス症 - これはカリグス属に属する寄生虫による疾患であり、粘液胞子虫によるものではありません。
4. アミルージニウム症 - これは粘液胞子虫による疾患ではありません。
5. 筋肉クドア症 - これはクドア属に属する粘液胞子虫によって引き起こされる疾患です。クドアは魚の筋肉組織に感染し、食品としての魚の品質を低下させることがあります。

したがって、粘液胞子虫による疾患は「５．筋肉クドア症」です。答えは5です。"
問37,雌雄ともに吸血するのはどれか。,"１．アブ
２．ヌカカ
３．ブユ
４．サシバエ
５．カ",4,"雌雄ともに吸血する昆虫について考えると、以下のようになります。

1. アブ - アブの中には吸血する種もいますが、一般的には雌のみが吸血する傾向にあります。
2. ヌカカ - ヌカカは吸血する昆虫ですが、通常は雌のみが吸血します。
3. ブユ - ブユも吸血する昆虫ですが、こちらも雌のみが吸血するのが一般的です。
4. サシバエ - サシバエは吸血しない昆虫で、主に腐敗した有機物を食べます。
5. カ - カの中には、雌雄ともに吸血する種がいます。例えば、ヤブカの一部は雌雄ともに吸血することが知られています。

したがって、雌雄ともに吸血する昆虫は「カ」です。

答えは５．カです。"
問30,リーシュマニア症あるいはその病原体に関する記述として適切なのはどれか。,"１．主に赤血球に感染する。
２．ベクターはサシチョウバエである。
３．サハラ砂漠以南のアフリカに限局して発生している。
４．内臓リーシュマニア症は睡眠病と呼ばれる。
５．ワクチンが実用化されている。
10",2,"リーシュマニア症は、リーシュマニア属の原虫によって引き起こされる病気です。それぞれの選択肢を見てみましょう。

1. 主に赤血球に感染する。 - これは誤りです。リーシュマニア症は主にマクロファージなどの白血球に感染します。

2. ベクターはサシチョウバエである。 - これは正しいです。リーシュマニア症はサシチョウバエ（ヒトスジシマカなど）によって媒介されます。

3. サハラ砂漠以南のアフリカに限局して発生している。 - これは誤りです。リーシュマニア症はサハラ砂漠以南のアフリカだけでなく、南アメリカ、中東、南ヨーロッパ、アジアの一部地域でも発生します。

4. 内臓リーシュマニア症は睡眠病と呼ばれる。 - これは誤りです。内臓リーシュマニア症はカラ・アザールとも呼ばれますが、睡眠病はトリパノソーマ属の原虫によって引き起こされる別の病気です。

5. ワクチンが実用化されている。 - これは誤りです。リーシュマニア症に対するワクチンは、2023年時点で実用化されていません。

したがって、適切な記述は2. ベクターはサシチョウバエであるです。

答えは2です。"
問43,猫の低コバラミン血症の原因として適切なのはどれか。,"１．巨大食道症
２．胆石症
３．慢性肝炎
４．膵外分泌不全
５．直腸腺癌",4,"コバラミン（ビタミンB12）は、主に腸で吸収される栄養素であり、特に小腸の末端部分である回腸での吸収が重要です。猫における低コバラミン血症の原因として考えられるのは、コバラミンの吸収に影響を与える疾患です。

１．巨大食道症 - これは食道の拡張を伴う疾患であり、食物の摂取に影響を与える可能性はありますが、直接コバラミンの吸収には関与しません。

２．胆石症 - 胆石症は胆汁の流れを妨げることがありますが、コバラミンの吸収には直接的な影響は少ないと考えられます。

３．慢性肝炎 - 肝炎は肝機能に影響を与えますが、コバラミンの吸収は主に腸で行われるため、慢性肝炎が直接低コバラミン血症を引き起こす主な原因ではありません。

４．膵外分泌不全 - 膵外分泌不全は消化酵素の不足を引き起こし、食物の消化吸収に影響を与えます。コバラミンの吸収には内因子と呼ばれるタンパク質が必要であり、この内因子は膵液と共に分泌されます。膵外分泌不全により内因子の分泌が不足すると、コバラミンの吸収が阻害され、低コバラミン血症を引き起こす可能性があります。

５．直腸腺癌 - 直腸腺癌は直腸に影響を与えますが、コバラミンの主な吸収部位は小腸であるため、直腸腺癌が直接低コバラミン血症を引き起こす原因とは考えにくいです。

したがって、猫の低コバラミン血症の原因として最も適切なのは「４．膵外分泌不全」です。膵外分泌不全は消化酵素の不足を引き起こし、コバラミンの吸収障害を招く可能性があるためです。

答えは４です。"
問64,犬の前十字靱帯断裂において二次的に損傷しやすい組織はどれか。,"１．内側半月
２．外側半月
３．膝蓋骨
４．外側側副靱帯
５．膝蓋靱帯",1,"犬の前十字靱帯断裂は、人間の前十字靭帯損傷と同様に、膝関節の不安定性を引き起こします。この不安定性は、膝関節内の他の構造に過剰なストレスをかけ、二次的な損傷を引き起こす可能性があります。特に、内側半月は前十字靱帯断裂に伴い損傷しやすい組織の一つです。これは、膝関節の不安定性により内側半月が異常な圧力を受けるためです。

したがって、犬の前十字靱帯断裂において二次的に損傷しやすい組織は「１．内側半月」です。"
問15,鶏で腫瘍を形成するのはどれか。,"１．鳥マイコプラズマ症（鶏マイコプラズマ病）
２．ニューカッスル病
３．家きんサルモネラ症
４．家きんコレラ
５．マレック病
5",5,"マレック病は、鶏において腫瘍を形成することで知られているウイルス性の疾患です。この病気はヘルペスウイルスによって引き起こされ、主に若い鶏に影響を与え、神経系の障害や内臓器官に腫瘍を形成することが特徴です。他の選択肢である鳥マイコプラズマ症、ニューカッスル病、家きんサルモネラ症、家きんコレラは腫瘍形成とは直接関連していません。

したがって、答えは５．マレック病です。"
問71,牛の尿腟に関する記述として誤っているのはどれか。,"１．子宮間膜や腟壁と周囲組織の弛緩による子宮・腟の下垂により生じる。
２．栄養過多の老齢牛に多い。
３．排泄された尿が腟深部に逆流して貯留する。
４．尿の貯留が長期におよぶと子宮頸管炎や子宮内膜炎を続発する。
５．腟洗浄後に交配することによって受胎する可能性がある。",2,"牛の尿腟（Urine pooling or Vesicovaginal reflux）は、牛の腟内に尿が逆流して貯留する状態を指します。以下は各選択肢に関する考察です。

１．子宮間膜や腟壁と周囲組織の弛緩による子宮・腟の下垂により生じる。
→ 正しい。尿腟は、子宮や腟の位置が下がる（下垂）ことで、尿が腟内に逆流しやすくなることが原因の一つです。

２．栄養過多の老齢牛に多い。
→ 正しい。栄養過多による肥満や老齢による組織の弛緩は、尿腟のリスクを高める要因です。

３．排泄された尿が腟深部に逆流して貯留する。
→ 正しい。尿腟の主な問題は、尿が腟内に逆流し、そこに貯留することです。

４．尿の貯留が長期におよぶと子宮頸管炎や子宮内膜炎を続発する。
→ 正しい。尿の長期的な貯留は感染症のリスクを高め、子宮頸管炎や子宮内膜炎などの疾患を引き起こす可能性があります。

５．腟洗浄後に交配することによって受胎する可能性がある。
→ 誤り。尿腟がある状態で単に腟を洗浄しても、根本的な問題は解決されません。尿腟がある牛は、通常、受胎困難であり、洗浄だけでは受胎率は改善しない可能性が高いです。治療には、原因となる子宮・腟の下垂を修正する手術や、ホルモン療法などが必要です。

したがって、誤っている記述は５です。"
問31,B ウイルス感染症あるいはその病原体に関する記述として適切なのはどれか。,"１．フラビウイルス科に属する。
２．日本での発生はない。
３．ベクターは蚊である。
４．ヒトに重篤な出血熱を引き起こす。
５．自然宿主はサルである。",5,"Bウイルス感染症、またはヘルペスウイルスB（別名サルBウイルス、マカクヘルペスウイルス1）に関する記述を検討します。

1. フラビウイルス科に属する。 - これは不正確です。Bウイルスはヘルペスウイルス科に属しています。

2. 日本での発生はない。 - これは不正確です。Bウイルス感染症は日本を含む世界中で発生する可能性がありますが、非常にまれです。

3. ベクターは蚊である。 - これも不正確です。Bウイルスは主にサルから人への直接接触、特に咬傷や引っかき傷を通じて伝播します。

4. ヒトに重篤な出血熱を引き起こす。 - これは不正確です。Bウイルスは出血熱ではなく、脳炎や髄膜炎などの重篤な疾患を引き起こす可能性があります。

5. 自然宿主はサルである。 - これは正確です。Bウイルスの自然宿主は特にマカク属のサルです。

したがって、適切な記述は5番「自然宿主はサルである」です。"
問80,2020 年末までに我が国で発生の報告がない魚類の疾患はどれか。,"１．イクチオホヌス症
２．真菌性肉芽腫症
３．伝染性造血器壊死症
４．コイ春ウイルス血症
５．細菌性冷水病
27",4,"To answer this question, we need to identify which of the listed fish diseases had not been reported in Japan by the end of 2020. Here's a brief overview of each disease:

1. イクチオホヌス症 (Ichthyophonus disease) - This is a chronic disease affecting a wide range of fish species caused by the fungus-like organism Ichthyophonus hoferi.

2. 真菌性肉芽腫症 (Fungal granulomatosis) - This is a disease characterized by the formation of granulomas in fish tissue, often caused by fungal infections.

3. 伝染性造血器壊死症 (Infectious hematopoietic necrosis) - This is a viral disease that primarily affects salmon and trout, caused by the Infectious hematopoietic necrosis virus (IHNV).

4. コイ春ウイルス血症 (Koi spring viremia) - Also known as Spring Viremia of Carp (SVC), this is a contagious viral infection that affects carp and other cyprinid fish.

5. 細菌性冷水病 (Bacterial cold water disease) - Also known as Flavobacterium psychrophilum infection, this disease affects salmonids and is caused by the bacterium Flavobacterium psychrophilum.

Without specific knowledge of the disease reporting in Japan up to the end of 2020, it is not possible to accurately determine which disease had not been reported. This information would typically be found in official veterinary or fishery reports, scientific publications, or government databases.

Since my knowledge is up to date only until early 2023 and I do not have access to specific databases or reports on Japanese fish diseases, I cannot provide a definitive answer to this question. To find the correct answer, one would need to consult the latest reports from relevant Japanese authorities or organizations involved in fish health and disease surveillance."
問72,牛の分娩誘起に有効でないのはどれか。,"１．PGF2α
２．プロジェステロン
３．エストラジオール
４．デキサメサゾン
５．フルメサゾン
24","2,3","牛の分娩誘起に関して、以下の各選択肢を評価します：

１．PGF2α（プロスタグランジンF2アルファ） - これは子宮収縮を促し、黄体を退行させることで分娩を誘発することができる物質です。したがって、これは分娩誘起に有効です。

２．プロジェステロン - これは妊娠を維持するためのホルモンであり、通常は分娩を抑制する役割を果たします。分娩を誘発するためには、プロジェステロンのレベルを下げる必要があります。したがって、プロジェステロン自体は分娩誘起には有効ではありません。

３．エストラジオール - これはエストロゲンの一種で、分娩に関与するホルモンですが、直接的に分娩を誘発するために使用されることは一般的ではありません。

４．デキサメサゾン - これは強力な合成グルココルチコイドで、胎児の肺の成熟を促進し、分娩を誘発するために使用されることがあります。

５．フルメサゾン - これは合成の副腎皮質ホルモンであり、主に抗炎症作用がありますが、分娩誘発には一般的に使用されません。

したがって、分娩誘起に有効でないものは「２．プロジェステロン」です。プロジェステロンは妊娠を維持するために必要なホルモンであり、分娩を促進するためにはそのレベルを下げる必要があります。そのため、選択肢２が正解です。"
問8,老齢犬の心内膜症の肉眼所見として適切なのはどれか。,"a  石灰沈着
b  三尖弁に好発
c  心房の拡張
d  心内膜の線維化
e  弁膜血腫
１．a,  b　　　２．a,  e　　　３．b,  c　　　４．c,  d　　　５．d,  e",4,"心内膜症は、心臓の内膜に影響を与える病態であり、特に犬では心臓弁膜症として知られています。老齢犬においては、以下の肉眼所見が期待されます：

a) 石灰沈着 - 心臓の弁に石灰化が起こることがあり、これは老齢犬における心内膜症の特徴の一つです。
b) 三尖弁に好発 - 犬では、特に僧帽弁に好発することが知られていますが、三尖弁にも影響を及ぼすことがあります。
c) 心房の拡張 - 心臓弁の機能不全により、心房に血液が逆流し、拡張することがあります。
d) 心内膜の線維化 - 心内膜症によって心内膜が線維化し、厚くなることがあります。
e) 弁膜血腫 - これは心内膜症における一般的な所見ではありません。

老齢犬の心内膜症においては、石灰沈着（a）と心内膜の線維化（d）が特に適切な肉眼所見です。したがって、選択肢の中でこれら二つの選択肢を含むものを選ぶ必要があります。

選択肢を見ると、a（石灰沈着）とd（心内膜の線維化）を含むものはありません。しかし、心内膜症において最も一般的な所見は心内膜の線維化（d）であり、犬では特に僧帽弁に好発するため、b（三尖弁に好発）よりもd（心内膜の線維化）が適切です。また、心房の拡張（c）は心臓弁の機能不全の結果として起こり得るため、これも適切な所見です。

したがって、心内膜の線維化（d）と心房の拡張（c）を含む選択肢４が最も適切な答えです。"
問47,犬の精巣腫瘍に関する記述として正しいのはどれか。,"１．セルトリ細胞腫の一部の例では汎血球減少症が生じる。
２．セルトリ細胞腫は高プロジェステロン血症を起こす。
３．潜在精巣の犬にはライディッヒ細胞腫が多発する。
４．ライディッヒ細胞腫は雌性化徴候を起こす。
５．精上皮腫の多くは悪性腫瘍である。",1,"Let's evaluate each statement one by one:

1. セルトリ細胞腫の一部の例では汎血球減少症が生じる。 (Some cases of Sertoli cell tumors can cause pancytopenia.)
   - Sertoli cell tumors can indeed cause paraneoplastic syndromes, which may include bone marrow suppression leading to pancytopenia. This statement is correct.

2. セルトリ細胞腫は高プロジェステロン血症を起こす。 (Sertoli cell tumors cause high blood levels of progesterone.)
   - Sertoli cell tumors are more commonly associated with estrogen secretion, not progesterone. This statement is incorrect.

3. 潜在精巣の犬にはライディッヒ細胞腫が多発する。 (Dogs with cryptorchidism frequently develop Leydig cell tumors.)
   - Cryptorchidism is a risk factor for the development of testicular tumors, including Sertoli cell tumors and seminomas, but Leydig cell tumors (also known as interstitial cell tumors) are usually benign and not specifically associated with cryptorchidism. This statement is not entirely accurate.

4. ライディッヒ細胞腫は雌性化徴候を起こす。 (Leydig cell tumors cause feminization.)
   - Leydig cell tumors typically do not cause feminization; this is more characteristic of Sertoli cell tumors, which can secrete estrogen. This statement is incorrect.

5. 精上皮腫の多くは悪性腫瘍である。 (Most seminomas are malignant.)
   - Seminomas are a type of testicular tumor that is generally malignant. This statement is correct.

Based on the above analysis, the correct statement regarding testicular tumors in dogs is:

1. セルトリ細胞腫の一部の例では汎血球減少症が生じる。 (Some cases of Sertoli cell tumors can cause pancytopenia.)

Therefore, the answer is 1."
問52,犬と猫の重症筋無力症を診断するための検査項目はどれか。,"１．クームス試験
２．抗アセチルコリン受容体抗体
３．抗核抗体
４．抗サイログロブリン抗体
５．ベンスジョーンズ蛋白",2,"重症筋無力症（Myasthenia Gravis, MG）は、神経と筋肉の接合部である神経筋接合部における伝達障害によって引き起こされる自己免疫疾患です。この病気は、アセチルコリン受容体に対する自己抗体によって特徴づけられます。これらの抗体は、神経から筋肉への信号伝達を妨げ、筋力低下や疲労感を引き起こします。

検査項目としては、以下のようになります：

１．クームス試験 - 赤血球に対する自己抗体を検出するための試験で、溶血性貧血の診断に用いられます。
２．抗アセチルコリン受容体抗体 - 重症筋無力症の診断において最も重要な検査で、この抗体の存在が病気の診断に直接関連しています。
３．抗核抗体 - システム性自己免疫疾患の診断に用いられる検査で、特に全身性エリテマトーデス（SLE）などの診断に役立ちます。
４．抗サイログロブリン抗体 - シェーグレン症候群などの自己免疫疾患の診断に用いられる検査です。
５．ベンスジョーンズ蛋白 - 多発性骨髄腫などの血液疾患の診断に用いられる検査です。

これらの検査項目の中で、重症筋無力症の診断に直接関連するのは「抗アセチルコリン受容体抗体」です。

したがって、答えは２．抗アセチルコリン受容体抗体です。"
問56,牛の急性ワラビ中毒の主症状はどれか。,"１．光線過敏症
２．強直性けいれん
３．流涎
４．出血傾向
５．被毛褪色",4,"牛の急性ワラビ中毒は、ワラビに含まれるシアン化合物によって引き起こされる中毒症状です。これらのシアン化合物は体内で代謝され、シアン化水素（青酸）を生成し、細胞の呼吸酵素を阻害することで中毒症状を引き起こします。主な症状には、呼吸困難、発作、弱さ、そして最終的には死に至ることがあります。

選択肢を見ると、光線過敏症（1）は植物由来の光感作物質によるもので、ワラビ中毒とは直接関係がありません。強直性けいれん（2）は、筋肉の収縮が起こる症状で、シアン化物中毒に関連する可能性があります。流涎（3）は、口からの過剰な唾液分泌を指し、中毒症状の一つとして考えられますが、ワラビ中毒の主症状とは限りません。出血傾向（4）は、血液凝固に問題がある場合に見られる症状で、ワラビ中毒とは直接関係がないようです。被毛褪色（5）もワラビ中毒の症状とは関連が薄いです。

ワラビ中毒の主症状は、神経系に影響を与えることから、強直性けいれん（2）が最も関連性が高いと考えられます。したがって、答えは2.強直性けいれんです。"
問33,症例対照研究に関する記述として適切なのはどれか。,"１．ある因子に対する曝露群と非曝露群を一定期間追跡する。
２．疾患発生と因子の関連性を評価するために相対リスクを用いる。
３．後ろ向き研究である。
４．曝露頻度の低い疾患の調査に向いている。
５．疾患発生との関連性を検討したい因子は 1 つしか設定できない。
11",3,"症例対照研究は、特定の疾患やアウトカムを持つ人々（症例）とそれを持たない人々（対照）を比較することで、疾患の原因となる可能性のある因子について調査する研究デザインです。それぞれの選択肢について考えてみましょう。

１．ある因子に対する曝露群と非曝露群を一定期間追跡する。 - これはコホート研究の特徴であり、症例対照研究ではない。症例対照研究は追跡研究ではなく、既に疾患が発生している人々を対象に過去の曝露を調べる。

２．疾患発生と因子の関連性を評価するために相対リスクを用いる。 - 症例対照研究では、通常はオッズ比を用いて疾患と因子の関連性を評価する。相対リスクはコホート研究でよく用いられる。

３．後ろ向き研究である。 - これは症例対照研究の特徴であり、過去の曝露を振り返って評価するために当てはまる。

４．曝露頻度の低い疾患の調査に向いている。 - これも症例対照研究の特徴であり、希少な疾患や発生率が低い疾患の原因を調べるのに適している。

５．疾患発生との関連性を検討したい因子は 1 つしか設定できない。 - これは誤りであり、症例対照研究では複数の因子を同時に検討することができる。

したがって、適切な記述は３と４です。答えは「３．後ろ向き研究である。」と「４．曝露頻度の低い疾患の調査に向いている。」です。"
